<?xml version="1.0"?>

<product name="TRM RulesManager Engine">
	<targetupdate>
		<targetname>init</targetname>
		<content>
			<add>
				<property name="ant.dir" value="." />
				<property
					file="${ant.dir}/../applications/trm/RulesManager/rm.build.properties" />
				<property name="RulesManager.properties"
					value="${ant.dir}/../applications/trm/RulesManager/RulesManager.properties" />
				<property name="local.lib" value="${maximo.deploydir}/tempRM/resources/lib" />
				<property name="temp.trm.resources" value="${maximo.deploydir}/tempRM/resources" />
				<mkdir dir="${rm.classes.dir}" />
				<mkdir dir="${temp.trm.resources}" />
				<mkdir dir="${local.lib}" />
			</add>
		</content>
	</targetupdate>
	<targetadd>
		<targetname>updatemaximouiwarfile</targetname>
		<content>
			<target name="updatemaximouiwarfile">
				<echo>Adding Smartbrowser componenets</echo>
				<echo>Updating UI war
					file=${maximo.deploydir.temp}/${maximo.maximouiwarfile}
				</echo>

				<war destfile="${maximo.deploydir.temp}/${maximo.maximouiwarfile}"
					update="true" webxml="${rm.maximouiweb.xml}">
					<fileset dir="${rm.dir}">
						<include name="webclient/**/*" />
					</fileset>
					<lib dir="${trm.resource}">
						<include name="voltronuiweb.jar" />
					</lib>
				</war>

				<echo>updating manifest in mboEJBBuild jar
					file=${maximo.deploydir.temp}/${maximo.mboejbjarfile}
				</echo>
				<jar destfile="${maximo.deploydir.temp}/${maximo.mboejbjarfile}"
					update="true">
						<fileset dir="${rm.dir}">
						<include name="META-INF/vfs-providers.xml" />
					</fileset>
					<manifest>
						<attribute name="Class-Path" value="${maximo.mbowarclasspath} lib/voltron.jar" />
					</manifest>
				</jar>
			</target>
		</content>
	</targetadd>
	<targetadd>
		<targetname>extendlogging</targetname>
		<content>
			<target name="extendlogging">
				<echo> Extending rulesmanager logging</echo>
				<taskdef name="mbowebtask"
					classname="trm.RulesManager.common.ant.MboWebExtenderTask">
					<classpath>
						<fileset dir="${trm.resource}">
							<include name="*.jar" />
						</fileset>
						<fileset dir="${maximo.basedir}/lib">
							<include name="bcel-5.2.jar" />
							<include name="log4j-1.2.16.jar" />
							<include name="log4j-1.2.13.jar" />
						</fileset>
						<pathelement location="${mxe.mboweb.dir}" />
					</classpath>
				</taskdef>
				<echo>Creating MboWeb extensions ${rm.classes.dir}</echo>
				<mbowebtask outDir="${rm.classes.dir}" />
			</target>
		</content>
	</targetadd>
	<targetadd>
		<targetname>updateVoltronJar</targetname>
		<content>
			<target name="updateVoltronJar">
				<echo> Updating Voltron Jar file </echo>
				<touch file="${trm.appbasedir}/trm/RulesManager/RulesManager.properties" datetime="now"/>
				<jar destfile="${local.lib}/voltron.jar" update="true">
					<fileset dir="${trm.appbasedir}">
						<include name="trm/RulesManager/RulesManager.properties" />
						<include name="trm/RulesManager/Actions/**/*.class" />
						<include name="trm/RulesManager/rmlog4j.boot.properties" />
						<include name="trm/RulesManager/rmlog4j.db.properties" />
						<exclude name="trm/RulesManager/installation.properties" />
						<exclude name="trm/RulesManager/rm.build.properties" />
						<exclude name="com/trm/javascript/jdbc.properties" />
						<exclude name="trm/RulesManager/rm.remote.properties" />
					</fileset>
				</jar>
			</target>
		</content>
	</targetadd>
	<targetadd>
		<targetname>updatetrmbridgejar</targetname>
		<content>
			<target name="updatetrmbridgejar">
				<echo> Updating trmbridge jar file</echo>
				<jar destfile="${local.lib}/trmbridge.jar" update="true">
					<fileset dir="${rm.dir}">
						<include name="com/trm/javascript/jdbc.properties" />
					</fileset>
				</jar>
			</target>
		</content>
	</targetadd>
	<targetadd>
		<targetname>updatebusinessobjectjar</targetname>
		<content>
			<target name="updatebusinessobjectjar">
				<jar destfile="${maximo.deploydir.temp}/${maximo.businessobjectsjarfile}"
					update="true">
					<fileset dir="${rm.classes.dir}">
						<include name="psdi/util/**/*.class" />
					</fileset>
				</jar>
			</target>
		</content>
	</targetadd>
	<targetadd>
		<targetname>configwebxml</targetname>
		<content>
			<target name="configwebxml" description="Configures RulesManager startup servlet">
				<copy file="${mxe.maximouiweb.xml}" tofile="${rm.maximouiweb.xml}"
					overwrite="true" failonerror="false" />
				<ant antfile="${rm.dir}/config.maximouiweb.xml" target="config.maximouiwebxml">
					<property name="maximouiwebxml" value="${rm.maximouiweb.xml}" />
					<property name="maximo7.home" value="${maximo.basedir}" />
					<property name="mxe.properties"
						value="${maximo.basedir}/properties/${maximo.properties}" />
					<property name="servlet.target" value="${configure.Servlet}" />
				</ant>
			</target>
		</content>
	</targetadd>
		<targetadd>
		<targetname>configapplicationxml</targetname>
		<content>
			<target name="configapplicationxml" description="Configures weblogic-application.xml file to tell weblogic to user RM ASM">
			<mkdir dir="${rm.dir}/META-INF"/>
				<copy file="${mxe.weblogic.application}" tofile="${rm.weblogic.application}"
					overwrite="true" failonerror="false" />
				<ant antfile="${rm.dir}/config.weblogicapplication.xml" target="config.applicatonxml">
					<property name="applicationxml" value="${rm.weblogic.application}" />
					<property name="maximo7.home" value="${maximo.basedir}" />
					<property name="mxe.properties"
						value="${maximo.basedir}/properties/${maximo.properties}" />
					<property name="servlet.target" value="${configure.Servlet}" />
				</ant>
			</target>
		</content>
	</targetadd>
	<targetadd>
		<targetname>copyjars</targetname>
		<content>
			<target name="copyjars">
				<copy todir="${local.lib}">
					<fileset dir="${trm.resource}">
						<exclude name="commons-logging.jar" />
						<exclude name="db2jcc.jar" />
						<exclude name="db2jcc_license_cu.jar" />
						<exclude name="voltronuiweb.jar" />
						<exclude name="trmscript.jar" />
					</fileset>
				</copy>
			</target>
		</content>
	</targetadd>
	<targetadd>
		<targetname>rulesmanagerConfigurations</targetname>
		<content>
			<target name="rulesmanagerConfigurations" depends="init">
			<antcall target="configapplicationxml" inheritAll="true" />			
				<antcall target="configwebxml" inheritAll="true" />
				<antcall target="copyjars" inheritAll="true" />
				<antcall target="updateVoltronJar" inheritAll="true" />
				<antcall target="updatemaximouiwarfile" inheritAll="true" />
				<antcall target="updatetrmbridgejar" inheritAll="true" />
				<antcall target="extendlogging" inheritAll="true" />
				<antcall target="updatebusinessobjectjar" inheritAll="true" />						
			</target>
		</content>
	</targetadd>
	<targetupdate>
		<targetname>earBuild</targetname>
		<content>
			<targetattribute attributename="depends"
				attributevalue="rulesmanagerConfigurations" />
			<add>
								
					<ear destfile="${maximo.deploydir}/${maximo.earfile}" update="true">					
					<fileset dir="${rm.dir}">
						<include name="META-INF/weblogic-application.xml" />
					</fileset>		<!-- Added to fix Websphere 9 linkage excpetions --> 
					<fileset dir="${temp.trm.resources}">
						<include name="**/*.*" />
						<exclude name="commons-logging.jar" />
						<exclude name="db2jcc.jar" />
						<exclude name="db2jcc_license_cu.jar" />
						<exclude name="voltronuiweb.jar" />
						<exclude name="trmscript.jar" />
					</fileset>						
						<manifest>
						<attribute name="Enable-CDI" value="false" />
					</manifest>				

				</ear>
				<delete dir="${maximo.deploydir}/tempRM" quiet="false"/>
				<delete dir="${rm.classes.dir}" quiet="false" />
			</add>
		</content>
	</targetupdate>
</product>
